{
  "W100.0_N1": {
    "A_mean": 0.2806826610320664,
    "A_std": 0.003488271694426554,
    "P0": 0.9799974,
    "P1": 0.0200026,
    "kappa_eff": 3.8916876534461777,
    "mean_Sv": 1.0,
    "std_Sv": 0.0,
    "mean_lifetime": 100000.0,
    "median_lifetime": 100000.0,
    "frac_survived": 1.0,
    "L_persist_mean": 49.99502574533035,
    "L_persist_median": 49.96253122190154
  },
  "W100.0_N16": {
    "A_mean": 0.06848287316760589,
    "A_std": 0.0004656068834764419,
    "P0": 0.7362428,
    "P1": 0.2276448,
    "kappa_eff": 1.173773436190254,
    "mean_Sv": 0.202731275,
    "std_Sv": 0.15745351143075334,
    "mean_lifetime": 21.84,
    "median_lifetime": 19.0,
    "frac_survived": 0.0,
    "L_persist_mean": 15.671542547483677,
    "L_persist_median": 15.696061463248963
  },
  "W100.0_N2": {
    "A_mean": 0.18494839021698756,
    "A_std": 0.002019263362077368,
    "P0": 0.965868,
    "P1": 0.033827,
    "kappa_eff": 3.3517678787114735,
    "mean_Sv": 0.5697446,
    "std_Sv": 0.4951117962347898,
    "mean_lifetime": 67.12,
    "median_lifetime": 35.5,
    "frac_survived": 0.0,
    "L_persist_mean": 33.42182687216682,
    "L_persist_median": 33.48573917904844
  },
  "W100.0_N32": {
    "A_mean": 0.04879488478905422,
    "A_std": 0.0002766206782899106,
    "P0": 0.5362316,
    "P1": 0.3375054,
    "kappa_eff": 0.46298464711354814,
    "mean_Sv": 0.1430498875,
    "std_Sv": 0.10932657141558653,
    "mean_lifetime": 19.0,
    "median_lifetime": 19.0,
    "frac_survived": 0.0,
    "L_persist_mean": 13.103695384463016,
    "L_persist_median": 13.08757778053729
  },
  "W100.0_N4": {
    "A_mean": 0.13301852920303564,
    "A_std": 0.0010624796560253665,
    "P0": 0.9301898,
    "P1": 0.0679478,
    "kappa_eff": 2.6166488880070395,
    "mean_Sv": 0.4061631,
    "std_Sv": 0.33655264996489037,
    "mean_lifetime": 23.18,
    "median_lifetime": 19.0,
    "frac_survived": 0.0,
    "L_persist_mean": 25.336038479090416,
    "L_persist_median": 25.330991675802004
  },
  "W100.0_N8": {
    "A_mean": 0.09580561109858463,
    "A_std": 0.0005741015391588718,
    "P0": 0.860792,
    "P1": 0.1302068,
    "kappa_eff": 1.8887289399242988,
    "mean_Sv": 0.28803965,
    "std_Sv": 0.22925492912449558,
    "mean_lifetime": 25.06,
    "median_lifetime": 19.0,
    "frac_survived": 0.0,
    "L_persist_mean": 19.703587633955618,
    "L_persist_median": 19.71286516713057
  },
  "W20.0_N1": {
    "A_mean": 0.5299337544298348,
    "A_std": 0.0066101797145215685,
    "P0": 0.900461,
    "P1": 0.099539,
    "kappa_eff": 2.2023573272292083,
    "mean_Sv": 1.0,
    "std_Sv": 0.0,
    "mean_lifetime": 20000.0,
    "median_lifetime": 20000.0,
    "frac_survived": 1.0,
    "L_persist_mean": 10.046340327330112,
    "L_persist_median": 10.055314339793288
  },
  "W20.0_N16": {
    "A_mean": 0.13201054317540362,
    "A_std": 0.0015854041331180623,
    "P0": 0.203052,
    "P1": 0.339784,
    "kappa_eff": -0.5148480177312715,
    "mean_Sv": 0.2023245,
    "std_Sv": 0.1574248326972273,
    "mean_lifetime": 23.68,
    "median_lifetime": 19.0,
    "frac_survived": 0.0,
    "L_persist_mean": 4.655962331791334,
    "L_persist_median": 4.661225292920587
  },
  "W20.0_N2": {
    "A_mean": 0.36888069473284196,
    "A_std": 0.004790939624885301,
    "P0": 0.835413,
    "P1": 0.157113,
    "kappa_eff": 1.6709609216656767,
    "mean_Sv": 0.566619,
    "std_Sv": 0.4955420353905408,
    "mean_lifetime": 518.88,
    "median_lifetime": 360.0,
    "frac_survived": 0.0,
    "L_persist_mean": 6.9242754499883965,
    "L_persist_median": 6.9201319002304835
  },
  "W20.0_N32": {
    "A_mean": 0.09373623711322486,
    "A_std": 0.0011174557971858768,
    "P0": 0.038845,
    "P1": 0.133752,
    "kappa_eff": -1.2364079705146942,
    "mean_Sv": 0.1426611875,
    "std_Sv": 0.1096455601579008,
    "mean_lifetime": 19.0,
    "median_lifetime": 19.0,
    "frac_survived": 0.0,
    "L_persist_mean": 4.582073978482743,
    "L_persist_median": 4.590982454787009
  },
  "W20.0_N4": {
    "A_mean": 0.2624384005216336,
    "A_std": 0.0032491788240627813,
    "P0": 0.686611,
    "P1": 0.270201,
    "kappa_eff": 0.9326017753844225,
    "mean_Sv": 0.4023205,
    "std_Sv": 0.33608103975045955,
    "mean_lifetime": 37.74,
    "median_lifetime": 26.5,
    "frac_survived": 0.0,
    "L_persist_mean": 5.617214620402613,
    "L_persist_median": 5.604242905784725
  },
  "W20.0_N8": {
    "A_mean": 0.18652965234551216,
    "A_std": 0.002564486675893918,
    "P0": 0.459409,
    "P1": 0.374826,
    "kappa_eff": 0.20347896254408027,
    "mean_Sv": 0.2858035,
    "std_Sv": 0.22935149746132025,
    "mean_lifetime": 26.5,
    "median_lifetime": 20.0,
    "frac_survived": 0.0,
    "L_persist_mean": 4.918617211653931,
    "L_persist_median": 4.919600760968279
  },
  "W50.0_N1": {
    "A_mean": 0.3848146742794315,
    "A_std": 0.004371143916650779,
    "P0": 0.9599652,
    "P1": 0.0400348,
    "kappa_eff": 3.177147957897604,
    "mean_Sv": 1.0,
    "std_Sv": 0.0,
    "mean_lifetime": 50000.0,
    "median_lifetime": 50000.0,
    "frac_survived": 1.0,
    "L_persist_mean": 24.97946880582211,
    "L_persist_median": 25.012531290689157
  },
  "W50.0_N16": {
    "A_mean": 0.09421089413250375,
    "A_std": 0.0005779614622817408,
    "P0": 0.5391584,
    "P1": 0.3388716,
    "kappa_eff": 0.4643881307149574,
    "mean_Sv": 0.2024178,
    "std_Sv": 0.15716988179406383,
    "mean_lifetime": 20.54,
    "median_lifetime": 19.0,
    "frac_survived": 0.0,
    "L_persist_mean": 8.849901846250441,
    "L_persist_median": 8.855693827849878
  },
  "W50.0_N2": {
    "A_mean": 0.2559502833815312,
    "A_std": 0.0032811039305760416,
    "P0": 0.9325212,
    "P1": 0.066272,
    "kappa_eff": 2.6441244006168034,
    "mean_Sv": 0.5692184,
    "std_Sv": 0.49518563499100016,
    "mean_lifetime": 119.5,
    "median_lifetime": 95.5,
    "frac_survived": 0.0,
    "L_persist_mean": 16.91120420921681,
    "L_persist_median": 16.93364358061867
  },
  "W50.0_N32": {
    "A_mean": 0.06724742753727872,
    "A_std": 0.000514803747083271,
    "P0": 0.2840048,
    "P1": 0.3645984,
    "kappa_eff": -0.24980533443650854,
    "mean_Sv": 0.143094125,
    "std_Sv": 0.10962966559277819,
    "mean_lifetime": 19.0,
    "median_lifetime": 19.0,
    "frac_survived": 0.0,
    "L_persist_mean": 7.958608571549839,
    "L_persist_median": 7.974073354934006
  },
  "W50.0_N4": {
    "A_mean": 0.18443329296157848,
    "A_std": 0.0017624470319802445,
    "P0": 0.8639088,
    "P1": 0.1286408,
    "kappa_eff": 1.9044431833537128,
    "mean_Sv": 0.4044058,
    "std_Sv": 0.3357392573506411,
    "mean_lifetime": 28.36,
    "median_lifetime": 19.0,
    "frac_survived": 0.0,
    "L_persist_mean": 12.987745628283216,
    "L_persist_median": 12.988752959747435
  },
  "W50.0_N8": {
    "A_mean": 0.13237132555686112,
    "A_std": 0.0011037429313856088,
    "P0": 0.7389304,
    "P1": 0.2277252,
    "kappa_eff": 1.177064096300942,
    "mean_Sv": 0.2869657,
    "std_Sv": 0.2288315144893946,
    "mean_lifetime": 27.32,
    "median_lifetime": 19.0,
    "frac_survived": 0.0,
    "L_persist_mean": 10.442379812550492,
    "L_persist_median": 10.47604711009799
  }
}