{
  "W100.0_N1": {
    "A_mean": 0.28107886059802867,
    "A_std": 0.003949730791126234,
    "P0": 0.9799596,
    "P1": 0.0200404,
    "kappa_eff": 3.8897611101788856,
    "mean_Sv": 1.0,
    "std_Sv": 0.0,
    "mean_lifetime": 100000.0,
    "median_lifetime": 100000.0,
    "frac_survived": 1.0,
    "L_persist_mean": 49.90702394478268,
    "L_persist_median": 49.78842707241074
  },
  "W100.0_N16": {
    "A_mean": 0.07010599001160278,
    "A_std": 0.000492001805579863,
    "P0": 0.7237954,
    "P1": 0.2364536,
    "kappa_eff": 1.118756761579661,
    "mean_Sv": 0.1962331,
    "std_Sv": 0.1545786061018471,
    "mean_lifetime": 20.3,
    "median_lifetime": 19.0,
    "frac_survived": 0.0,
    "L_persist_mean": 14.694429654940258,
    "L_persist_median": 14.634425802777674
  },
  "W100.0_N2": {
    "A_mean": 0.19852482744343505,
    "A_std": 0.0019450317936689243,
    "P0": 0.9603234,
    "P1": 0.0392952,
    "kappa_eff": 3.196167728696577,
    "mean_Sv": 0.4980438,
    "std_Sv": 0.4999961732669161,
    "mean_lifetime": 53.78,
    "median_lifetime": 39.0,
    "frac_survived": 0.0,
    "L_persist_mean": 25.106061389561845,
    "L_persist_median": 25.11270427597223
  },
  "W100.0_N32": {
    "A_mean": 0.04962264180471775,
    "A_std": 0.0002771412217712503,
    "P0": 0.5237738,
    "P1": 0.3422604,
    "kappa_eff": 0.42548806087956725,
    "mean_Sv": 0.1398821375,
    "std_Sv": 0.1079145898485515,
    "mean_lifetime": 19.0,
    "median_lifetime": 19.0,
    "frac_survived": 0.0,
    "L_persist_mean": 12.540357576556552,
    "L_persist_median": 12.53397597584983
  },
  "W100.0_N4": {
    "A_mean": 0.1404026578104429,
    "A_std": 0.0009116773286621969,
    "P0": 0.9223564,
    "P1": 0.0753186,
    "kappa_eff": 2.5052045835733487,
    "mean_Sv": 0.3747575,
    "std_Sv": 0.3304690094301582,
    "mean_lifetime": 29.24,
    "median_lifetime": 19.0,
    "frac_survived": 0.0,
    "L_persist_mean": 21.456648543023725,
    "L_persist_median": 21.418587026524015
  },
  "W100.0_N8": {
    "A_mean": 0.09920064575246464,
    "A_std": 0.0006579556698050854,
    "P0": 0.850627,
    "P1": 0.1389988,
    "kappa_eff": 1.8115084246093902,
    "mean_Sv": 0.2737726,
    "std_Sv": 0.22453788876098393,
    "mean_lifetime": 23.92,
    "median_lifetime": 19.0,
    "frac_survived": 0.0,
    "L_persist_mean": 17.778761939887193,
    "L_persist_median": 17.780055293712408
  },
  "W20.0_N1": {
    "A_mean": 0.5290973094887236,
    "A_std": 0.007336598666780699,
    "P0": 0.900093,
    "P1": 0.099907,
    "kappa_eff": 2.1982583380404392,
    "mean_Sv": 1.0,
    "std_Sv": 0.0,
    "mean_lifetime": 20000.0,
    "median_lifetime": 20000.0,
    "frac_survived": 1.0,
    "L_persist_mean": 10.008314090437409,
    "L_persist_median": 10.005005005005005
  },
  "W20.0_N16": {
    "A_mean": 0.13262461061579678,
    "A_std": 0.0017725243999008806,
    "P0": 0.18527,
    "P1": 0.328695,
    "kappa_eff": -0.5733160485511999,
    "mean_Sv": 0.196245,
    "std_Sv": 0.15444282914722846,
    "mean_lifetime": 21.7,
    "median_lifetime": 19.0,
    "frac_survived": 0.0,
    "L_persist_mean": 4.364651222469313,
    "L_persist_median": 4.377849838895443
  },
  "W20.0_N2": {
    "A_mean": 0.37470640290275303,
    "A_std": 0.004586831293693009,
    "P0": 0.809911,
    "P1": 0.180117,
    "kappa_eff": 1.5033177253503802,
    "mean_Sv": 0.499487,
    "std_Sv": 0.4999997368309308,
    "mean_lifetime": 441.4,
    "median_lifetime": 257.0,
    "frac_survived": 0.0,
    "L_persist_mean": 5.2577351063037385,
    "L_persist_median": 5.249259581737888
  },
  "W20.0_N32": {
    "A_mean": 0.09394712128302618,
    "A_std": 0.0013115961428157331,
    "P0": 0.034331,
    "P1": 0.122013,
    "kappa_eff": -1.2680788603255264,
    "mean_Sv": 0.1401650625,
    "std_Sv": 0.10810860325673018,
    "mean_lifetime": 19.0,
    "median_lifetime": 19.0,
    "frac_survived": 0.0,
    "L_persist_mean": 4.4319245129716895,
    "L_persist_median": 4.434145393674896
  },
  "W20.0_N4": {
    "A_mean": 0.26632335021670905,
    "A_std": 0.0034425012672506306,
    "P0": 0.655269,
    "P1": 0.292233,
    "kappa_eff": 0.8074944090626843,
    "mean_Sv": 0.3753515,
    "std_Sv": 0.33095921417562923,
    "mean_lifetime": 35.92,
    "median_lifetime": 27.0,
    "frac_survived": 0.0,
    "L_persist_mean": 4.806924738068761,
    "L_persist_median": 4.805806069919049
  },
  "W20.0_N8": {
    "A_mean": 0.1873233286372061,
    "A_std": 0.002910935888527359,
    "P0": 0.430628,
    "P1": 0.382386,
    "kappa_eff": 0.11881403873326005,
    "mean_Sv": 0.27338025,
    "std_Sv": 0.2240534007997591,
    "mean_lifetime": 28.38,
    "median_lifetime": 21.0,
    "frac_survived": 0.0,
    "L_persist_mean": 4.493933303386696,
    "L_persist_median": 4.501868781729968
  },
  "W50.0_N1": {
    "A_mean": 0.38462359043683003,
    "A_std": 0.004522821437883968,
    "P0": 0.9601088,
    "P1": 0.0398912,
    "kappa_eff": 3.180890863157112,
    "mean_Sv": 1.0,
    "std_Sv": 0.0,
    "mean_lifetime": 50000.0,
    "median_lifetime": 50000.0,
    "frac_survived": 1.0,
    "L_persist_mean": 25.068337187820102,
    "L_persist_median": 25.075231983621876
  },
  "W50.0_N16": {
    "A_mean": 0.0960895902951984,
    "A_std": 0.0007166398614094884,
    "P0": 0.520924,
    "P1": 0.3467932,
    "kappa_eff": 0.4068755209203048,
    "mean_Sv": 0.19713115,
    "std_Sv": 0.15522517015509277,
    "mean_lifetime": 20.94,
    "median_lifetime": 19.0,
    "frac_survived": 0.0,
    "L_persist_mean": 8.36279992527466,
    "L_persist_median": 8.378923309314569
  },
  "W50.0_N2": {
    "A_mean": 0.2719480079764174,
    "A_std": 0.002965914316199593,
    "P0": 0.9216896,
    "P1": 0.0767496,
    "kappa_eff": 2.4856603326987896,
    "mean_Sv": 0.5005428,
    "std_Sv": 0.4999997053680732,
    "mean_lifetime": 114.78,
    "median_lifetime": 85.0,
    "frac_survived": 0.0,
    "L_persist_mean": 12.782939394397124,
    "L_persist_median": 12.794059236362852
  },
  "W50.0_N32": {
    "A_mean": 0.06802201835023332,
    "A_std": 0.0005006572117526688,
    "P0": 0.2705836,
    "P1": 0.3613744,
    "kappa_eff": -0.2893334321695962,
    "mean_Sv": 0.140155775,
    "std_Sv": 0.10833539205471762,
    "mean_lifetime": 19.28,
    "median_lifetime": 19.0,
    "frac_survived": 0.0,
    "L_persist_mean": 7.667413508920581,
    "L_persist_median": 7.666340450895284
  },
  "W50.0_N4": {
    "A_mean": 0.19261392473624211,
    "A_std": 0.0018770341200819653,
    "P0": 0.8495416,
    "P1": 0.1413556,
    "kappa_eff": 1.793418208565034,
    "mean_Sv": 0.3754424,
    "std_Sv": 0.3311691475398033,
    "mean_lifetime": 28.84,
    "median_lifetime": 19.0,
    "frac_survived": 0.0,
    "L_persist_mean": 11.068170614078115,
    "L_persist_median": 11.049192347139961
  },
  "W50.0_N8": {
    "A_mean": 0.13603890644790817,
    "A_std": 0.000973164627099553,
    "P0": 0.7217696,
    "P1": 0.2400144,
    "kappa_eff": 1.1010070528470037,
    "mean_Sv": 0.2740702,
    "std_Sv": 0.2248879175766453,
    "mean_lifetime": 25.96,
    "median_lifetime": 19.0,
    "frac_survived": 0.0,
    "L_persist_mean": 9.504055693225537,
    "L_persist_median": 9.511454458450203
  }
}