{
  "W100.0_N1": {
    "A_mean": 0.2801787506610271,
    "A_std": 0.0036379402445169138,
    "P0": 0.9800228,
    "P1": 0.0199772,
    "kappa_eff": 3.89298421339135,
    "mean_Sv": 1.0,
    "std_Sv": 0.0,
    "mean_lifetime": 100000.0,
    "median_lifetime": 100000.0,
    "frac_survived": 1.0,
    "L_persist_mean": 50.05454027540914,
    "L_persist_median": 50.16303300267083
  },
  "W100.0_N16": {
    "A_mean": 0.06432467540443977,
    "A_std": 0.00040125491243468556,
    "P0": 0.7649736,
    "P1": 0.2061046,
    "kappa_eff": 1.3114575165137563,
    "mean_Sv": 0.221325425,
    "std_Sv": 0.1662534492080371,
    "mean_lifetime": 20.28,
    "median_lifetime": 19.0,
    "frac_survived": 0.0,
    "L_persist_mean": 18.3535001293359,
    "L_persist_median": 18.367690568315844
  },
  "W100.0_N2": {
    "A_mean": 0.12632840330792175,
    "A_std": 0.0018267232621262616,
    "P0": 0.984053,
    "P1": 0.0158482,
    "kappa_eff": 4.1286238281227305,
    "mean_Sv": 0.7969676,
    "std_Sv": 0.40225644127874444,
    "mean_lifetime": 176.16,
    "median_lifetime": 116.5,
    "frac_survived": 0.0,
    "L_persist_mean": 100.30961673415088,
    "L_persist_median": 100.62843805508768
  },
  "W100.0_N32": {
    "A_mean": 0.04678918825031847,
    "A_std": 0.00026448912389628545,
    "P0": 0.5647776,
    "P1": 0.3244552,
    "kappa_eff": 0.554284557273015,
    "mean_Sv": 0.150487575,
    "std_Sv": 0.11339847092496166,
    "mean_lifetime": 19.0,
    "median_lifetime": 19.0,
    "frac_survived": 0.0,
    "L_persist_mean": 14.307559600102287,
    "L_persist_median": 14.299315259495518
  },
  "W100.0_N4": {
    "A_mean": 0.10896503987396035,
    "A_std": 0.0012277490889528908,
    "P0": 0.9531028,
    "P1": 0.045864,
    "kappa_eff": 3.0340422720944034,
    "mean_Sv": 0.5358399,
    "std_Sv": 0.3600013216197824,
    "mean_lifetime": 32.32,
    "median_lifetime": 19.0,
    "frac_survived": 0.0,
    "L_persist_mean": 44.433652724596456,
    "L_persist_median": 44.41149105646436
  },
  "W100.0_N8": {
    "A_mean": 0.08616864905680555,
    "A_std": 0.0006178072772179859,
    "P0": 0.886671,
    "P1": 0.1071498,
    "kappa_eff": 2.1132461449299194,
    "mean_Sv": 0.3342468,
    "std_Sv": 0.2491414290915102,
    "mean_lifetime": 22.6,
    "median_lifetime": 19.0,
    "frac_survived": 0.0,
    "L_persist_mean": 25.7500558408745,
    "L_persist_median": 25.748853436464934
  },
  "W20.0_N1": {
    "A_mean": 0.5319819390450313,
    "A_std": 0.006348647922309681,
    "P0": 0.899956,
    "P1": 0.100044,
    "kappa_eff": 2.19673578401496,
    "mean_Sv": 1.0,
    "std_Sv": 0.0,
    "mean_lifetime": 20000.0,
    "median_lifetime": 20000.0,
    "frac_survived": 1.0,
    "L_persist_mean": 9.994647396019609,
    "L_persist_median": 9.982531193230116
  },
  "W20.0_N16": {
    "A_mean": 0.12915800267265143,
    "A_std": 0.0015693980330908706,
    "P0": 0.252659,
    "P1": 0.356429,
    "kappa_eff": -0.34409430802725205,
    "mean_Sv": 0.21777525,
    "std_Sv": 0.16606701354404343,
    "mean_lifetime": 19.9,
    "median_lifetime": 19.0,
    "frac_survived": 0.0,
    "L_persist_mean": 5.315805496382297,
    "L_persist_median": 5.310227972825967
  },
  "W20.0_N2": {
    "A_mean": 0.2760532835817255,
    "A_std": 0.0053534419627219425,
    "P0": 0.920857,
    "P1": 0.076569,
    "kappa_eff": 2.487112463078514,
    "mean_Sv": 0.788162,
    "std_Sv": 0.4086106481187195,
    "mean_lifetime": 1316.46,
    "median_lifetime": 1067.0,
    "frac_survived": 0.0,
    "L_persist_mean": 20.325862113787363,
    "L_persist_median": 20.325069054619977
  },
  "W20.0_N32": {
    "A_mean": 0.09259360091421277,
    "A_std": 0.0010456210747062863,
    "P0": 0.053588,
    "P1": 0.161318,
    "kappa_eff": -1.102052409782294,
    "mean_Sv": 0.14892825,
    "std_Sv": 0.11306511443384072,
    "mean_lifetime": 19.06,
    "median_lifetime": 19.0,
    "frac_survived": 0.0,
    "L_persist_mean": 4.963288777241128,
    "L_persist_median": 4.9624124004391685
  },
  "W20.0_N4": {
    "A_mean": 0.23197340408890582,
    "A_std": 0.003583059151302883,
    "P0": 0.784205,
    "P1": 0.192288,
    "kappa_eff": 1.4056762176069715,
    "mean_Sv": 0.5289245,
    "std_Sv": 0.36273492153327336,
    "mean_lifetime": 43.26,
    "median_lifetime": 32.0,
    "frac_survived": 0.0,
    "L_persist_mean": 9.750437030493647,
    "L_persist_median": 9.750332775709172
  },
  "W20.0_N8": {
    "A_mean": 0.1775221715570035,
    "A_std": 0.0018942516070365588,
    "P0": 0.540317,
    "P1": 0.338845,
    "kappa_eff": 0.46661322867381305,
    "mean_Sv": 0.328437,
    "std_Sv": 0.24896613631375653,
    "mean_lifetime": 33.82,
    "median_lifetime": 28.5,
    "frac_survived": 0.0,
    "L_persist_mean": 6.33776050381073,
    "L_persist_median": 6.346947907706188
  },
  "W50.0_N1": {
    "A_mean": 0.38437819993786865,
    "A_std": 0.003948250597533878,
    "P0": 0.9600596,
    "P1": 0.0399404,
    "kappa_eff": 3.1796070228840763,
    "mean_Sv": 1.0,
    "std_Sv": 0.0,
    "mean_lifetime": 50000.0,
    "median_lifetime": 50000.0,
    "frac_survived": 1.0,
    "L_persist_mean": 25.03530654538219,
    "L_persist_median": 24.91280518186348
  },
  "W50.0_N16": {
    "A_mean": 0.0894902187493084,
    "A_std": 0.0007204153012727237,
    "P0": 0.582584,
    "P1": 0.3183776,
    "kappa_eff": 0.6042352813136951,
    "mean_Sv": 0.2201916,
    "std_Sv": 0.16605525221877204,
    "mean_lifetime": 20.62,
    "median_lifetime": 19.0,
    "frac_survived": 0.0,
    "L_persist_mean": 10.249672068701207,
    "L_persist_median": 10.297477212670834
  },
  "W50.0_N2": {
    "A_mean": 0.17776674586403426,
    "A_std": 0.0030053015244656898,
    "P0": 0.968254,
    "P1": 0.0313344,
    "kappa_eff": 3.4307779139442682,
    "mean_Sv": 0.7952156,
    "std_Sv": 0.4035439870901808,
    "mean_lifetime": 298.56,
    "median_lifetime": 265.5,
    "frac_survived": 0.0,
    "L_persist_mean": 50.491864956248754,
    "L_persist_median": 50.63630477571739
  },
  "W50.0_N32": {
    "A_mean": 0.06487118097125907,
    "A_std": 0.00046434319446488374,
    "P0": 0.3163564,
    "P1": 0.3689112,
    "kappa_eff": -0.1536865385272902,
    "mean_Sv": 0.14989835,
    "std_Sv": 0.11333133246052259,
    "mean_lifetime": 19.0,
    "median_lifetime": 19.0,
    "frac_survived": 0.0,
    "L_persist_mean": 8.683607070389357,
    "L_persist_median": 8.661364113809281
  },
  "W50.0_N4": {
    "A_mean": 0.15302978836450135,
    "A_std": 0.0016730990366377104,
    "P0": 0.9079112,
    "P1": 0.088108,
    "kappa_eff": 2.3325832417298322,
    "mean_Sv": 0.5335048,
    "std_Sv": 0.3607085088779582,
    "mean_lifetime": 31.46,
    "median_lifetime": 19.0,
    "frac_survived": 0.0,
    "L_persist_mean": 22.64992905268995,
    "L_persist_median": 22.600796410087792
  },
  "W50.0_N8": {
    "A_mean": 0.12042889813856178,
    "A_std": 0.0009773168139032037,
    "P0": 0.7850776,
    "P1": 0.1914088,
    "kappa_eff": 1.4113711114225194,
    "mean_Sv": 0.3337748,
    "std_Sv": 0.24956328432876498,
    "mean_lifetime": 29.36,
    "median_lifetime": 19.0,
    "frac_survived": 0.0,
    "L_persist_mean": 13.67994949550556,
    "L_persist_median": 13.660116717796818
  }
}