{
  "W100.0_N1": {
    "A_mean": 0.28121256230268526,
    "A_std": 0.0036275244999743194,
    "P0": 0.9799234,
    "P1": 0.0200766,
    "kappa_eff": 3.887919447517959,
    "mean_Sv": 1.0,
    "std_Sv": 0.0,
    "mean_lifetime": 100000.0,
    "median_lifetime": 100000.0,
    "frac_survived": 1.0,
    "L_persist_mean": 49.815851503836235,
    "L_persist_median": 49.68959128366794
  },
  "W100.0_N16": {
    "A_mean": 0.06655293049037828,
    "A_std": 0.000394439195861163,
    "P0": 0.7494862,
    "P1": 0.2178444,
    "kappa_eff": 1.2356068586228306,
    "mean_Sv": 0.2100416,
    "std_Sv": 0.160721891071005,
    "mean_lifetime": 20.38,
    "median_lifetime": 19.0,
    "frac_survived": 0.0,
    "L_persist_mean": 16.729877128797245,
    "L_persist_median": 16.758787879721645
  },
  "W100.0_N2": {
    "A_mean": 0.16313424572679722,
    "A_std": 0.001735852310654965,
    "P0": 0.9735,
    "P1": 0.026291,
    "kappa_eff": 3.611671149480324,
    "mean_Sv": 0.6649878,
    "std_Sv": 0.47199473074512177,
    "mean_lifetime": 122.66,
    "median_lifetime": 82.5,
    "frac_survived": 0.0,
    "L_persist_mean": 50.31324283834684,
    "L_persist_median": 50.1172632779776
  },
  "W100.0_N32": {
    "A_mean": 0.04791786683455206,
    "A_std": 0.00030097795528807793,
    "P0": 0.5499838,
    "P1": 0.3314356,
    "kappa_eff": 0.5064553009693386,
    "mean_Sv": 0.146398225,
    "std_Sv": 0.11114841723726603,
    "mean_lifetime": 19.5,
    "median_lifetime": 19.0,
    "frac_survived": 0.0,
    "L_persist_mean": 13.641659450400441,
    "L_persist_median": 13.63237476044911
  },
  "W100.0_N4": {
    "A_mean": 0.12418896952734589,
    "A_std": 0.0009392881046896292,
    "P0": 0.9394252,
    "P1": 0.0590968,
    "kappa_eff": 2.766091421420563,
    "mean_Sv": 0.4503902,
    "std_Sv": 0.34484209102712504,
    "mean_lifetime": 28.96,
    "median_lifetime": 19.0,
    "frac_survived": 0.0,
    "L_persist_mean": 31.31083220517665,
    "L_persist_median": 31.25137891767079
  },
  "W100.0_N8": {
    "A_mean": 0.09166646739125865,
    "A_std": 0.0006691563972052158,
    "P0": 0.8723836,
    "P1": 0.1199892,
    "kappa_eff": 1.9838274966955998,
    "mean_Sv": 0.3038597,
    "std_Sv": 0.2351340207539309,
    "mean_lifetime": 23.7,
    "median_lifetime": 19.0,
    "frac_survived": 0.0,
    "L_persist_mean": 21.98772151217627,
    "L_persist_median": 21.924913693901036
  },
  "W20.0_N1": {
    "A_mean": 0.5316593945423608,
    "A_std": 0.006354592684896226,
    "P0": 0.900076,
    "P1": 0.099924,
    "kappa_eff": 2.1980693071529447,
    "mean_Sv": 1.0,
    "std_Sv": 0.0,
    "mean_lifetime": 20000.0,
    "median_lifetime": 20000.0,
    "frac_survived": 1.0,
    "L_persist_mean": 10.007187256542334,
    "L_persist_median": 10.025065175486379
  },
  "W20.0_N16": {
    "A_mean": 0.131383588958508,
    "A_std": 0.0019605554737222187,
    "P0": 0.225641,
    "P1": 0.348815,
    "kappa_eff": -0.43559645499546323,
    "mean_Sv": 0.2089125,
    "std_Sv": 0.16112942730534976,
    "mean_lifetime": 20.94,
    "median_lifetime": 19.0,
    "frac_survived": 0.0,
    "L_persist_mean": 4.931945987789833,
    "L_persist_median": 4.936862196059511
  },
  "W20.0_N2": {
    "A_mean": 0.34114057862634545,
    "A_std": 0.004829061137555611,
    "P0": 0.871205,
    "P1": 0.123795,
    "kappa_eff": 1.9512503390928788,
    "mean_Sv": 0.655704,
    "std_Sv": 0.47513815294501444,
    "mean_lifetime": 570.84,
    "median_lifetime": 350.5,
    "frac_survived": 0.0,
    "L_persist_mean": 10.329693177211148,
    "L_persist_median": 10.309786898184688
  },
  "W20.0_N32": {
    "A_mean": 0.0933545605676456,
    "A_std": 0.0012119308320572928,
    "P0": 0.045189,
    "P1": 0.14648,
    "kappa_eff": -1.176035205962165,
    "mean_Sv": 0.1455525,
    "std_Sv": 0.11099539430197093,
    "mean_lifetime": 19.0,
    "median_lifetime": 19.0,
    "frac_survived": 0.0,
    "L_persist_mean": 4.769699140926524,
    "L_persist_median": 4.775832752350625
  },
  "W20.0_N4": {
    "A_mean": 0.25370658477677177,
    "A_std": 0.0030373600685015376,
    "P0": 0.725075,
    "P1": 0.241071,
    "kappa_eff": 1.1011836018653502,
    "mean_Sv": 0.4433295,
    "std_Sv": 0.34554262317368317,
    "mean_lifetime": 35.62,
    "median_lifetime": 27.0,
    "frac_survived": 0.0,
    "L_persist_mean": 6.873742113325346,
    "L_persist_median": 6.847684610573916
  },
  "W20.0_N8": {
    "A_mean": 0.18333109670195852,
    "A_std": 0.0024111333303716543,
    "P0": 0.494316,
    "P1": 0.36122,
    "kappa_eff": 0.3136877977994619,
    "mean_Sv": 0.30221325,
    "std_Sv": 0.23557528313564116,
    "mean_lifetime": 29.26,
    "median_lifetime": 19.0,
    "frac_survived": 0.0,
    "L_persist_mean": 5.502258409103788,
    "L_persist_median": 5.491400014487489
  },
  "W50.0_N1": {
    "A_mean": 0.38538515542686697,
    "A_std": 0.00436737410227195,
    "P0": 0.9599044,
    "P1": 0.0400956,
    "kappa_eff": 3.175567093539466,
    "mean_Sv": 1.0,
    "std_Sv": 0.0,
    "mean_lifetime": 50000.0,
    "median_lifetime": 50000.0,
    "frac_survived": 1.0,
    "L_persist_mean": 24.941477946572476,
    "L_persist_median": 24.925230521106304
  },
  "W50.0_N16": {
    "A_mean": 0.09226955418680798,
    "A_std": 0.0006551828097394084,
    "P0": 0.5584272,
    "P1": 0.3307008,
    "kappa_eff": 0.5239102217665281,
    "mean_Sv": 0.21002575,
    "std_Sv": 0.16103048030400174,
    "mean_lifetime": 21.14,
    "median_lifetime": 19.0,
    "frac_survived": 0.0,
    "L_persist_mean": 9.432205467505224,
    "L_persist_median": 9.42161243662716
  },
  "W50.0_N2": {
    "A_mean": 0.22772329362801322,
    "A_std": 0.002653960145071249,
    "P0": 0.9474664,
    "P1": 0.0517336,
    "kappa_eff": 2.907684000861201,
    "mean_Sv": 0.6612872,
    "std_Sv": 0.47327205613279133,
    "mean_lifetime": 153.1,
    "median_lifetime": 97.0,
    "frac_survived": 0.0,
    "L_persist_mean": 25.307702892649573,
    "L_persist_median": 25.382492332005572
  },
  "W50.0_N32": {
    "A_mean": 0.06599648994060603,
    "A_std": 0.0006014043610648026,
    "P0": 0.2993288,
    "P1": 0.36712,
    "kappa_eff": -0.2041461353327014,
    "mean_Sv": 0.14629395,
    "std_Sv": 0.11130510800676445,
    "mean_lifetime": 19.5,
    "median_lifetime": 19.0,
    "frac_survived": 0.0,
    "L_persist_mean": 8.290954670615136,
    "L_persist_median": 8.321456177134769
  },
  "W50.0_N4": {
    "A_mean": 0.17322021631991258,
    "A_std": 0.0013464896631226115,
    "P0": 0.88184,
    "P1": 0.1123308,
    "kappa_eff": 2.0605625441461215,
    "mean_Sv": 0.4487828,
    "std_Sv": 0.3454269798729682,
    "mean_lifetime": 31.18,
    "median_lifetime": 19.0,
    "frac_survived": 0.0,
    "L_persist_mean": 16.05857775707588,
    "L_persist_median": 16.011742546702
  },
  "W50.0_N8": {
    "A_mean": 0.12723439682610269,
    "A_std": 0.0010639215482577023,
    "P0": 0.7595852,
    "P1": 0.2120104,
    "kappa_eff": 1.2761371647334507,
    "mean_Sv": 0.3055817,
    "std_Sv": 0.23599131260516773,
    "mean_lifetime": 29.26,
    "median_lifetime": 19.0,
    "frac_survived": 0.0,
    "L_persist_mean": 11.784749120053974,
    "L_persist_median": 11.761169428306964
  }
}